Titre,Prix
A Light in the Attic,ГӮВЈ51.77
Tipping the Velvet,ГӮВЈ53.74
Soumission,ГӮВЈ50.10
Sharp Objects,ГӮВЈ47.82
Sapiens: A Brief History of Humankind,ГӮВЈ54.23
The Requiem Red,ГӮВЈ22.65
The Dirty Little Secrets of Getting Your Dream Job,ГӮВЈ33.34
"The Coming Woman: A Novel Based on the Life of the Infamous Feminist, Victoria Woodhull",ГӮВЈ17.93
The Boys in the Boat: Nine Americans and Their Epic Quest for Gold at the 1936 Berlin Olympics,ГӮВЈ22.60
The Black Maria,ГӮВЈ52.15
"Starving Hearts (Triangular Trade Trilogy, #1)",ГӮВЈ13.99
Shakespeare's Sonnets,ГӮВЈ20.66
Set Me Free,ГӮВЈ17.46
Scott Pilgrim's Precious Little Life (Scott Pilgrim #1),ГӮВЈ52.29
Rip it Up and Start Again,ГӮВЈ35.02
"Our Band Could Be Your Life: Scenes from the American Indie Underground, 1981-1991",ГӮВЈ57.25
Olio,ГӮВЈ23.88
Mesaerion: The Best Science Fiction Stories 1800-1849,ГӮВЈ37.59
Libertarianism for Beginners,ГӮВЈ51.33
It's Only the Himalayas,ГӮВЈ45.17
In Her Wake,ГӮВЈ12.84
How Music Works,ГӮВЈ37.32
"Foolproof Preserving: A Guide to Small Batch Jams, Jellies, Pickles, Condiments, and More: A Foolproof Guide to Making Small Batch Jams, Jellies, Pickles, Condiments, and More",ГӮВЈ30.52
Chase Me (Paris Nights #2),ГӮВЈ25.27
Black Dust,ГӮВЈ34.53
Birdsong: A Story in Pictures,ГӮВЈ54.64
America's Cradle of Quarterbacks: Western Pennsylvania's Football Factory from Johnny Unitas to Joe Montana,ГӮВЈ22.50
Aladdin and His Wonderful Lamp,ГӮВЈ53.13
Worlds Elsewhere: Journeys Around ShakespeareГўВҖВҷs Globe,ГӮВЈ40.30
Wall and Piece,ГӮВЈ44.18
The Four Agreements: A Practical Guide to Personal Freedom,ГӮВЈ17.66
The Five Love Languages: How to Express Heartfelt Commitment to Your Mate,ГӮВЈ31.05
The Elephant Tree,ГӮВЈ23.82
The Bear and the Piano,ГӮВЈ36.89
Sophie's World,ГӮВЈ15.94
Penny Maybe,ГӮВЈ33.29
Maude (1883-1993):She Grew Up with the country,ГӮВЈ18.02
"In a Dark, Dark Wood",ГӮВЈ19.63
Behind Closed Doors,ГӮВЈ52.22
You can't bury them all: Poems,ГӮВЈ33.63
Slow States of Collapse: Poems,ГӮВЈ57.31
Reasons to Stay Alive,ГӮВЈ26.41
Private Paris (Private #10),ГӮВЈ47.61
#HigherSelfie: Wake Up Your Life. Free Your Soul. Find Your Tribe.,ГӮВЈ23.11
Without Borders (Wanderlove #1),ГӮВЈ45.07
When We Collided,ГӮВЈ31.77
"We Love You, Charlie Freeman",ГӮВЈ50.27
Untitled Collection: Sabbath Poems 2014,ГӮВЈ14.27
"Unseen City: The Majesty of Pigeons, the Discreet Charm of Snails & Other Wonders of the Urban Wilderness",ГӮВЈ44.18
Unicorn Tracks,ГӮВЈ18.78
"Unbound: How Eight Technologies Made Us Human, Transformed Society, and Brought Our World to the Brink",ГӮВЈ25.52
Tsubasa: WoRLD CHRoNiCLE 2 (Tsubasa WoRLD CHRoNiCLE #2),ГӮВЈ16.28
Throwing Rocks at the Google Bus: How Growth Became the Enemy of Prosperity,ГӮВЈ31.12
This One Summer,ГӮВЈ19.49
Thirst,ГӮВЈ17.27
The Torch Is Passed: A Harding Family Story,ГӮВЈ19.09
The Secret of Dreadwillow Carse,ГӮВЈ56.13
"The Pioneer Woman Cooks: Dinnertime: Comfort Classics, Freezer Food, 16-Minute Meals, and Other Delicious Ways to Solve Supper!",ГӮВЈ56.41
The Past Never Ends,ГӮВЈ56.50
The Natural History of Us (The Fine Art of Pretending #2),ГӮВЈ45.22
The Nameless City (The Nameless City #1),ГӮВЈ38.16
The Murder That Never Was (Forensic Instincts #5),ГӮВЈ54.11
The Most Perfect Thing: Inside (and Outside) a Bird's Egg,ГӮВЈ42.96
"The Mindfulness and Acceptance Workbook for Anxiety: A Guide to Breaking Free from Anxiety, Phobias, and Worry Using Acceptance and Commitment Therapy",ГӮВЈ23.89
The Life-Changing Magic of Tidying Up: The Japanese Art of Decluttering and Organizing,ГӮВЈ16.77
"The Inefficiency Assassin: Time Management Tactics for Working Smarter, Not Longer",ГӮВЈ20.59
The Gutsy Girl: Escapades for Your Life of Epic Adventure,ГӮВЈ37.13
The Electric Pencil: Drawings from Inside State Hospital No. 3,ГӮВЈ56.06
The Death of Humanity: and the Case for Life,ГӮВЈ58.11
"The Bulletproof Diet: Lose up to a Pound a Day, Reclaim Energy and Focus, Upgrade Your Life",ГӮВЈ49.05
The Art Forger,ГӮВЈ40.76
The Age of Genius: The Seventeenth Century and the Birth of the Modern Mind,ГӮВЈ19.73
The Activist's Tao Te Ching: Ancient Advice for a Modern Revolution,ГӮВЈ32.24
Spark Joy: An Illustrated Master Class on the Art of Organizing and Tidying Up,ГӮВЈ41.83
Soul Reader,ГӮВЈ39.58
Security,ГӮВЈ39.25
"Saga, Volume 6 (Saga (Collected Editions) #6)",ГӮВЈ25.02
"Saga, Volume 5 (Saga (Collected Editions) #5)",ГӮВЈ51.04
Reskilling America: Learning to Labor in the Twenty-First Century,ГӮВЈ19.83
"Rat Queens, Vol. 3: Demons (Rat Queens (Collected Editions) #11-15)",ГӮВЈ50.40
"Princess Jellyfish 2-in-1 Omnibus, Vol. 01 (Princess Jellyfish 2-in-1 Omnibus #1)",ГӮВЈ13.61
Princess Between Worlds (Wide-Awake Princess #5),ГӮВЈ13.34
"Pop Gun War, Volume 1: Gift",ГӮВЈ18.97
"Political Suicide: Missteps, Peccadilloes, Bad Calls, Backroom Hijinx, Sordid Pasts, Rotten Breaks, and Just Plain Dumb Mistakes in the Annals of American Politics",ГӮВЈ36.28
Patience,ГӮВЈ10.16
"Outcast, Vol. 1: A Darkness Surrounds Him (Outcast #1)",ГӮВЈ15.44
orange: The Complete Collection 1 (orange: The Complete Collection #1),ГӮВЈ48.41
Online Marketing for Busy Authors: A Step-By-Step Guide,ГӮВЈ46.35
On a Midnight Clear,ГӮВЈ14.07
Obsidian (Lux #1),ГӮВЈ14.86
My Paris Kitchen: Recipes and Stories,ГӮВЈ33.37
Masks and Shadows,ГӮВЈ56.40
"Mama Tried: Traditional Italian Cooking for the Screwed, Crude, Vegan, and Tattooed",ГӮВЈ14.02
"Lumberjanes, Vol. 2: Friendship to the Max (Lumberjanes #5-8)",ГӮВЈ46.91
"Lumberjanes, Vol. 1: Beware the Kitten Holy (Lumberjanes #1-4)",ГӮВЈ45.61
Lumberjanes Vol. 3: A Terrible Plan (Lumberjanes #9-12),ГӮВЈ19.92
"Layered: Baking, Building, and Styling Spectacular Cakes",ГӮВЈ40.11
Judo: Seven Steps to Black Belt (an Introductory Guide for Beginners),ГӮВЈ53.90
Join,ГӮВЈ35.67
In the Country We Love: My Family Divided,ГӮВЈ22.00
Immunity: How Elie Metchnikoff Changed the Course of Modern Medicine,ГӮВЈ57.36
"I Hate Fairyland, Vol. 1: Madly Ever After (I Hate Fairyland (Compilations) #1-5)",ГӮВЈ29.17
I am a Hero Omnibus Volume 1,ГӮВЈ54.63
How to Be Miserable: 40 Strategies You Already Use,ГӮВЈ46.03
Her Backup Boyfriend (The Sorensen Family #1),ГӮВЈ33.97
"Giant Days, Vol. 2 (Giant Days #5-8)",ГӮВЈ22.11
Forever and Forever: The Courtship of Henry Longfellow and Fanny Appleton,ГӮВЈ29.69
First and First (Five Boroughs #3),ГӮВЈ15.97
Fifty Shades Darker (Fifty Shades #2),ГӮВЈ21.96
Everydata: The Misinformation Hidden in the Little Data You Consume Every Day,ГӮВЈ54.35
"Don't Be a Jerk: And Other Practical Advice from Dogen, Japan's Greatest Zen Master",ГӮВЈ37.97
Danganronpa Volume 1,ГӮВЈ51.99
Crown of Midnight (Throne of Glass #2),ГӮВЈ43.29
"Codename Baboushka, Volume 1: The Conclave of Death",ГӮВЈ36.72
Camp Midnight,ГӮВЈ17.08
Call the Nurse: True Stories of a Country Nurse on a Scottish Isle,ГӮВЈ29.14
Burning,ГӮВЈ28.81
Bossypants,ГӮВЈ49.46
"Bitch Planet, Vol. 1: Extraordinary Machine (Bitch Planet (Collected Editions))",ГӮВЈ37.92
"Avatar: The Last Airbender: Smoke and Shadow, Part 3 (Smoke and Shadow #3)",ГӮВЈ28.09
Algorithms to Live By: The Computer Science of Human Decisions,ГӮВЈ30.81
A World of Flavor: Your Gluten Free Passport,ГӮВЈ42.95
"A Piece of Sky, a Grain of Rice: A Memoir in Four Meditations",ГӮВЈ56.76
A Murder in Time,ГӮВЈ16.64
A Flight of Arrows (The Pathfinders #2),ГӮВЈ55.53
A Fierce and Subtle Poison,ГӮВЈ28.13
A Court of Thorns and Roses (A Court of Thorns and Roses #1),ГӮВЈ52.37
(Un)Qualified: How God Uses Broken People to Do Big Things,ГӮВЈ54.00
You Are What You Love: The Spiritual Power of Habit,ГӮВЈ21.87
"William Shakespeare's Star Wars: Verily, A New Hope (William Shakespeare's Star Wars #4)",ГӮВЈ43.30
Tuesday Nights in 1980,ГӮВЈ21.04
Tracing Numbers on a Train,ГӮВЈ41.60
Throne of Glass (Throne of Glass #1),ГӮВЈ35.07
Thomas Jefferson and the Tripoli Pirates: The Forgotten War That Changed American History,ГӮВЈ59.64
Thirteen Reasons Why,ГӮВЈ52.72
The White Cat and the Monk: A Retelling of the Poem ГўВҖВңPangur BГғВЎnГўВҖВқ,ГӮВЈ58.08
The Wedding Dress,ГӮВЈ24.12
The Vacationers,ГӮВЈ42.15
The Third Wave: An EntrepreneurГўВҖВҷs Vision of the Future,ГӮВЈ12.61
The Stranger,ГӮВЈ17.44
The Shadow Hero (The Shadow Hero),ГӮВЈ33.14
The Secret (The Secret #1),ГӮВЈ27.37
The Regional Office Is Under Attack!,ГӮВЈ51.36
The Psychopath Test: A Journey Through the Madness Industry,ГӮВЈ36.00
The Project,ГӮВЈ10.65
The Power of Now: A Guide to Spiritual Enlightenment,ГӮВЈ43.54
The Omnivore's Dilemma: A Natural History of Four Meals,ГӮВЈ38.21
The Nerdy Nummies Cookbook: Sweet Treats for the Geek in All of Us,ГӮВЈ37.34
The Murder of Roger Ackroyd (Hercule Poirot #4),ГӮВЈ44.10
The Mistake (Off-Campus #2),ГӮВЈ43.29
The Matchmaker's Playbook (Wingmen Inc. #1),ГӮВЈ55.85
The Love and Lemons Cookbook: An Apple-to-Zucchini Celebration of Impromptu Cooking,ГӮВЈ37.60
The Long Shadow of Small Ghosts: Murder and Memory in an American City,ГӮВЈ10.97
The Kite Runner,ГӮВЈ41.82
The House by the Lake,ГӮВЈ36.95
The Glittering Court (The Glittering Court #1),ГӮВЈ44.28
The Girl on the Train,ГӮВЈ55.02
The Genius of Birds,ГӮВЈ17.24
The Emerald Mystery,ГӮВЈ23.15
The Cookies & Cups Cookbook: 125+ sweet & savory recipes reminding you to Always Eat Dessert First,ГӮВЈ41.25
The Bridge to Consciousness: I'm Writing the Bridge Between Science and Our Old and New Beliefs.,ГӮВЈ32.00
The Artist's Way: A Spiritual Path to Higher Creativity,ГӮВЈ38.49
The Art of War,ГӮВЈ33.34
The Argonauts,ГӮВЈ10.93
The 10% Entrepreneur: Live Your Startup Dream Without Quitting Your Day Job,ГӮВЈ27.55
Suddenly in Love (Lake Haven #1),ГӮВЈ55.99
Something More Than This,ГӮВЈ16.24
Soft Apocalypse,ГӮВЈ26.12
So You've Been Publicly Shamed,ГӮВЈ12.23
Shoe Dog: A Memoir by the Creator of NIKE,ГӮВЈ23.99
"Shobu Samurai, Project Aryoku (#3)",ГӮВЈ29.06
Secrets and Lace (Fatal Hearts #1),ГӮВЈ20.27
Scarlett Epstein Hates It Here,ГӮВЈ43.55
Romero and Juliet: A Tragic Tale of Love and Zombies,ГӮВЈ36.94
Redeeming Love,ГӮВЈ20.47
Poses for Artists Volume 1 - Dynamic and Sitting Poses: An Essential Reference for Figure Drawing and the Human Form,ГӮВЈ41.06
Poems That Make Grown Women Cry,ГӮВЈ14.19
"Nightingale, Sing",ГӮВЈ38.28
Night Sky with Exit Wounds,ГӮВЈ41.05
Mrs. Houdini,ГӮВЈ30.25
Modern Romance,ГӮВЈ28.26
Miss PeregrineГўВҖВҷs Home for Peculiar Children (Miss PeregrineГўВҖВҷs Peculiar Children #1),ГӮВЈ10.76
Louisa: The Extraordinary Life of Mrs. Adams,ГӮВЈ16.85
Little Red,ГӮВЈ13.47
Library of Souls (Miss PeregrineГўВҖВҷs Peculiar Children #3),ГӮВЈ48.56
Large Print Heart of the Pride,ГӮВЈ19.15
I Had a Nice Time And Other Lies...: How to find love & sh*t like that,ГӮВЈ57.36
Hollow City (Miss PeregrineГўВҖВҷs Peculiar Children #2),ГӮВЈ42.98
Grumbles,ГӮВЈ22.16
Full Moon over NoahГўВҖВҷs Ark: An Odyssey to Mount Ararat and Beyond,ГӮВЈ49.43
Frostbite (Vampire Academy #2),ГӮВЈ29.99
Follow You Home,ГӮВЈ21.36
First Steps for New Christians (Print Edition),ГӮВЈ29.00
Finders Keepers (Bill Hodges Trilogy #2),ГӮВЈ53.53
"Fables, Vol. 1: Legends in Exile (Fables #1)",ГӮВЈ41.62
Eureka Trivia 6.0,ГӮВЈ54.59
Drive: The Surprising Truth About What Motivates Us,ГӮВЈ34.95
Done Rubbed Out (Reightman & Bailey #1),ГӮВЈ37.72
Doing It Over (Most Likely To #1),ГӮВЈ35.61
"Deliciously Ella Every Day: Quick and Easy Recipes for Gluten-Free Snacks, Packed Lunches, and Simple Meals",ГӮВЈ42.16
Dark Notes,ГӮВЈ19.19
"Daring Greatly: How the Courage to Be Vulnerable Transforms the Way We Live, Love, Parent, and Lead",ГӮВЈ19.43
Close to You,ГӮВЈ49.46
Chasing Heaven: What Dying Taught Me About Living,ГӮВЈ37.80
Big Magic: Creative Living Beyond Fear,ГӮВЈ30.80
Becoming Wise: An Inquiry into the Mystery and Art of Living,ГӮВЈ27.43
Beauty Restored (Riley Family Legacy Novellas #3),ГӮВЈ11.11
Batman: The Long Halloween (Batman),ГӮВЈ36.50
Batman: The Dark Knight Returns (Batman),ГӮВЈ15.38
Ayumi's Violin,ГӮВЈ15.48
Anonymous,ГӮВЈ46.82
Amy Meets the Saints and Sages,ГӮВЈ18.46
Amid the Chaos,ГӮВЈ36.58
Amatus,ГӮВЈ50.54
Agnostic: A Spirited Manifesto,ГӮВЈ12.51
Zealot: The Life and Times of Jesus of Nazareth,ГӮВЈ24.70
You (You #1),ГӮВЈ43.61
"Wonder Woman: Earth One, Volume One (Wonder Woman: Earth One #1)",ГӮВЈ37.34
Wild Swans,ГӮВЈ14.36
Why the Right Went Wrong: Conservatism--From Goldwater to the Tea Party and Beyond,ГӮВЈ52.65
Whole Lotta Creativity Going On: 60 Fun and Unusual Exercises to Awaken and Strengthen Your Creativity,ГӮВЈ38.20
What's It Like in Space?: Stories from Astronauts Who've Been There,ГӮВЈ19.60
"We Are Robin, Vol. 1: The Vigilante Business (We Are Robin #1)",ГӮВЈ53.90
Walt Disney's Alice in Wonderland,ГӮВЈ12.96
V for Vendetta (V for Vendetta Complete),ГӮВЈ37.10
Until Friday Night (The Field Party #1),ГӮВЈ46.31
"Unbroken: A World War II Story of Survival, Resilience, and Redemption",ГӮВЈ45.95
Twenty Yawns,ГӮВЈ22.08
Through the Woods,ГӮВЈ25.38
This Is Where It Ends,ГӮВЈ27.12
The Year of Magical Thinking,ГӮВЈ43.04
The Wright Brothers,ГӮВЈ56.80
The White Queen (The Cousins' War #1),ГӮВЈ25.91
The Wedding Pact (The O'Malleys #2),ГӮВЈ32.61
The Time Keeper,ГӮВЈ27.88
The Testament of Mary,ГӮВЈ52.67
The Star-Touched Queen,ГӮВЈ46.02
The Songs of the Gods,ГӮВЈ44.48
The Song of Achilles,ГӮВЈ37.40
The Rosie Project (Don Tillman #1),ГӮВЈ54.04
The Power of Habit: Why We Do What We Do in Life and Business,ГӮВЈ16.88
The Marriage of Opposites,ГӮВЈ28.08
The Lucifer Effect: Understanding How Good People Turn Evil,ГӮВЈ10.40
The Long Haul (Diary of a Wimpy Kid #9),ГӮВЈ44.07
The Loney,ГӮВЈ23.40
The Literature Book (Big Ideas Simply Explained),ГӮВЈ17.43
The Last Mile (Amos Decker #2),ГӮВЈ54.21
The Immortal Life of Henrietta Lacks,ГӮВЈ40.67
The Hidden Oracle (The Trials of Apollo #1),ГӮВЈ52.26
The Help Yourself Cookbook for Kids: 60 Easy Plant-Based Recipes Kids Can Make to Stay Healthy and Save the Earth,ГӮВЈ28.77
The Guilty (Will Robie #4),ГӮВЈ13.82
The First Hostage (J.B. Collins #2),ГӮВЈ25.85
The Dovekeepers,ГӮВЈ48.78
The Darkest Lie,ГӮВЈ35.35
The Bane Chronicles (The Bane Chronicles #1-11),ГӮВЈ44.73
The Bad-Ass Librarians of Timbuktu: And Their Race to Save the WorldГўВҖВҷs Most Precious Manuscripts,ГӮВЈ15.77
The 14th Colony (Cotton Malone #11),ГӮВЈ39.24
That Darkness (Gardiner and Renner #1),ГӮВЈ13.92
Tastes Like Fear (DI Marnie Rome #3),ГӮВЈ10.69
Take Me with You,ГӮВЈ45.21
Swell: A Year of Waves,ГӮВЈ45.58
Superman Vol. 1: Before Truth (Superman by Gene Luen Yang #1),ГӮВЈ11.89
Still Life with Bread Crumbs,ГӮВЈ26.41
Steve Jobs,ГӮВЈ39.50
Sorting the Beef from the Bull: The Science of Food Fraud Forensics,ГӮВЈ44.74
Someone Like You (The Harrisons #2),ГӮВЈ52.79
"So Cute It Hurts!!, Vol. 6 (So Cute It Hurts!! #6)",ГӮВЈ35.43
Shtum,ГӮВЈ55.84
See America: A Celebration of Our National Parks & Treasured Sites,ГӮВЈ48.87
salt.,ГӮВЈ46.78
Robin War,ГӮВЈ47.82
"Red Hood/Arsenal, Vol. 1: Open for Business (Red Hood/Arsenal #1)",ГӮВЈ25.48
Rain Fish,ГӮВЈ23.57
"Quarter Life Poetry: Poems for the Young, Broke and Hangry",ГӮВЈ50.89
Pet Sematary,ГӮВЈ10.56
"Overload: How to Unplug, Unwind, and Unleash Yourself from the Pressure of Stress",ГӮВЈ52.15
Once Was a Time,ГӮВЈ18.28
Old School (Diary of a Wimpy Kid #10),ГӮВЈ11.83
No Dream Is Too High: Life Lessons From a Man Who Walked on the Moon,ГӮВЈ21.95
"Naruto (3-in-1 Edition), Vol. 14: Includes Vols. 40, 41 & 42 (Naruto: Omnibus #14)",ГӮВЈ38.39
My Name Is Lucy Barton,ГӮВЈ41.56
My Mrs. Brown,ГӮВЈ24.48
My Kind of Crazy,ГӮВЈ40.36
Mr. Mercedes (Bill Hodges Trilogy #1),ГӮВЈ28.90
More Than Music (Chasing the Dream #1),ГӮВЈ37.61
Made to Stick: Why Some Ideas Survive and Others Die,ГӮВЈ38.85
Luis Paints the World,ГӮВЈ53.95
Luckiest Girl Alive,ГӮВЈ49.83
Lowriders to the Center of the Earth (Lowriders in Space #2),ГӮВЈ51.51
Love Is a Mix Tape (Music #1),ГӮВЈ18.03
Looking for Lovely: Collecting the Moments that Matter,ГӮВЈ29.14
"Living Leadership by Insight: A Good Leader Achieves, a Great Leader Builds Monuments",ГӮВЈ46.91
Let It Out: A Journey Through Journaling,ГӮВЈ26.79
Lady Midnight (The Dark Artifices #1),ГӮВЈ16.28
"It's All Easy: Healthy, Delicious Weeknight Meals in under 30 Minutes",ГӮВЈ19.55
Island of Dragons (Unwanteds #7),ГӮВЈ29.65
I Know What I'm Doing -- and Other Lies I Tell Myself: Dispatches from a Life Under Construction,ГӮВЈ25.98
I Am Pilgrim (Pilgrim #1),ГӮВЈ10.60
"Hyperbole and a Half: Unfortunate Situations, Flawed Coping Mechanisms, Mayhem, and Other Things That Happened",ГӮВЈ14.75
"Hush, Hush (Hush, Hush #1)",ГӮВЈ47.02
Hold Your Breath (Search and Rescue #1),ГӮВЈ28.82
Hamilton: The Revolution,ГӮВЈ58.79
Greek Mythic History,ГӮВЈ10.23
God: The Most Unpleasant Character in All Fiction,ГӮВЈ30.03
Glory over Everything: Beyond The Kitchen House,ГӮВЈ45.84
Feathers: Displays of Brilliant Plumage,ГӮВЈ49.05
"Far & Away: Places on the Brink of Change: Seven Continents, Twenty-Five Years",ГӮВЈ15.06
Every Last Word,ГӮВЈ46.47
Eligible (The Austen Project #4),ГӮВЈ27.09
El Deafo,ГӮВЈ57.62
Eight Hundred Grapes,ГӮВЈ14.39
"Eaternity: More than 150 Deliciously Easy Vegan Recipes for a Long, Healthy, Satisfied, Joyful Life",ГӮВЈ51.75
"Eat Fat, Get Thin",ГӮВЈ54.07
Don't Get Caught,ГӮВЈ55.35
Doctor Sleep (The Shining #2),ГӮВЈ40.12
Demigods & Magicians: Percy and Annabeth Meet the Kanes (Percy Jackson & Kane Chronicles Crossover #1-3),ГӮВЈ37.51
Dear Mr. Knightley,ГӮВЈ11.21
Daily Fantasy Sports,ГӮВЈ36.58
Crazy Love: Overwhelmed by a Relentless God,ГӮВЈ47.72
Cometh the Hour (The Clifton Chronicles #6),ГӮВЈ25.01
Code Name Verity (Code Name Verity #1),ГӮВЈ22.13
Clockwork Angel (The Infernal Devices #1),ГӮВЈ44.14
City of Glass (The Mortal Instruments #3),ГӮВЈ56.02
City of Fallen Angels (The Mortal Instruments #4),ГӮВЈ11.23
City of Bones (The Mortal Instruments #1),ГӮВЈ43.28
City of Ashes (The Mortal Instruments #2),ГӮВЈ47.27
Cell,ГӮВЈ20.29
Catching Jordan (Hundred Oaks),ГӮВЈ50.83
"Carry On, Warrior: Thoughts on Life Unarmed",ГӮВЈ31.85
Carrie,ГӮВЈ46.23
Buying In: The Secret Dialogue Between What We Buy and Who We Are,ГӮВЈ37.80
Brain on Fire: My Month of Madness,ГӮВЈ49.32
Batman: Europa,ГӮВЈ32.01
Barefoot Contessa Back to Basics,ГӮВЈ28.01
Barefoot Contessa at Home: Everyday Recipes You'll Make Over and Over Again,ГӮВЈ50.62
Balloon Animals,ГӮВЈ17.03
Art Ops Vol. 1,ГӮВЈ48.80
Aristotle and Dante Discover the Secrets of the Universe (Aristotle and Dante Discover the Secrets of the Universe #1),ГӮВЈ58.14
Angels Walking (Angels Walking #1),ГӮВЈ34.20
Angels & Demons (Robert Langdon #1),ГӮВЈ51.48
All the Light We Cannot See,ГӮВЈ29.87
"Adulthood Is a Myth: A ""Sarah's Scribbles"" Collection",ГӮВЈ10.90
Abstract City,ГӮВЈ56.37
A Time of Torment (Charlie Parker #14),ГӮВЈ48.35
A Study in Scarlet (Sherlock Holmes #1),ГӮВЈ16.73
"A Series of Catastrophes and Miracles: A True Story of Love, Science, and Cancer",ГӮВЈ56.48
A People's History of the United States,ГӮВЈ40.79
A Man Called Ove,ГӮВЈ39.72
A Distant Mirror: The Calamitous 14th Century,ГӮВЈ14.58
A Brush of Wings (Angels Walking #3),ГӮВЈ55.51
1491: New Revelations of the Americas Before Columbus,ГӮВЈ21.80
"The Three Searches, Meaning, and the Story",ГӮВЈ13.33
Searching for Meaning in Gailana,ГӮВЈ38.73
Rook,ГӮВЈ37.86
My Kitchen Year: 136 Recipes That Saved My Life,ГӮВЈ11.53
13 Hours: The Inside Account of What Really Happened In Benghazi,ГӮВЈ27.06
Will You Won't You Want Me?,ГӮВЈ13.86
Tipping Point for Planet Earth: How Close Are We to the Edge?,ГӮВЈ37.55
The Star-Touched Queen,ГӮВЈ32.30
The Silent Sister (Riley MacPherson #1),ГӮВЈ46.29
The Midnight Watch: A Novel of the Titanic and the Californian,ГӮВЈ26.20
The Lonely City: Adventures in the Art of Being Alone,ГӮВЈ33.26
The Gray Rhino: How to Recognize and Act on the Obvious Dangers We Ignore,ГӮВЈ59.15
The Golden Condom: And Other Essays on Love Lost and Found,ГӮВЈ39.43
The Epidemic (The Program 0.6),ГӮВЈ14.44
The Dinner Party,ГӮВЈ56.54
The Diary of a Young Girl,ГӮВЈ59.90
The Children,ГӮВЈ11.88
Stars Above (The Lunar Chronicles #4.5),ГӮВЈ48.05
Snatched: How A Drug Queen Went Undercover for the DEA and Was Kidnapped By Colombian Guerillas,ГӮВЈ21.21
Raspberry Pi Electronics Projects for the Evil Genius,ГӮВЈ49.67
Quench Your Own Thirst: Business Lessons Learned Over a Beer or Two,ГӮВЈ43.14
Psycho: Sanitarium (Psycho #1.5),ГӮВЈ36.97
Poisonous (Max Revere Novels #3),ГӮВЈ26.80
One with You (Crossfire #5),ГӮВЈ15.71
No Love Allowed (Dodge Cove #1),ГӮВЈ54.65
Murder at the 42nd Street Library (Raymond Ambler #1),ГӮВЈ54.36
Most Wanted,ГӮВЈ35.28
"Love, Lies and Spies",ГӮВЈ20.55
How to Speak Golf: An Illustrated Guide to Links Lingo,ГӮВЈ58.32
Hide Away (Eve Duncan #20),ГӮВЈ11.84
Furiously Happy: A Funny Book About Horrible Things,ГӮВЈ41.46
Everyday Italian: 125 Simple and Delicious Recipes,ГӮВЈ20.10
Equal Is Unfair: America's Misguided Fight Against Income Inequality,ГӮВЈ56.86
Eleanor & Park,ГӮВЈ56.51
Dirty (Dive Bar #1),ГӮВЈ40.83
Can You Keep a Secret? (Fear Street Relaunch #4),ГӮВЈ48.64
Boar Island (Anna Pigeon #19),ГӮВЈ59.48
A Paris Apartment,ГӮВЈ39.01
"A la Mode: 120 Recipes in 60 Pairings: Pies, Tarts, Cakes, Crisps, and More Topped with Ice Cream, Gelato, Frozen Custard, and More",ГӮВЈ38.77
Troublemaker: Surviving Hollywood and Scientology,ГӮВЈ48.39
The Widow,ГӮВЈ27.26
"The Sleep Revolution: Transforming Your Life, One Night at a Time",ГӮВЈ11.68
The Improbability of Love,ГӮВЈ59.45
The Art of Startup Fundraising,ГӮВЈ21.00
Take Me Home Tonight (Rock Star Romance #3),ГӮВЈ53.98
Sleeping Giants (Themis Files #1),ГӮВЈ48.74
"Setting the World on Fire: The Brief, Astonishing Life of St. Catherine of Siena",ГӮВЈ21.15
Playing with Fire,ГӮВЈ13.71
Off the Hook (Fishing for Trouble #1),ГӮВЈ47.67
Mothering Sunday,ГӮВЈ13.34
"Mother, Can You Not?",ГӮВЈ16.89
M Train,ГӮВЈ27.18
Lilac Girls,ГӮВЈ17.28
Lies and Other Acts of Love,ГӮВЈ45.14
Lab Girl,ГӮВЈ40.85
Keep Me Posted,ГӮВЈ20.46
It Didn't Start with You: How Inherited Family Trauma Shapes Who We Are and How to End the Cycle,ГӮВЈ56.27
Grey (Fifty Shades #4),ГӮВЈ48.49
"Exit, Pursued by a Bear",ГӮВЈ51.34
Daredevils,ГӮВЈ16.34
Cravings: Recipes for What You Want to Eat,ГӮВЈ20.50
Born for This: How to Find the Work You Were Meant to Do,ГӮВЈ21.59
Arena,ГӮВЈ21.36
Adultery,ГӮВЈ20.88
A Mother's Reckoning: Living in the Aftermath of Tragedy,ГӮВЈ19.53
A Gentleman's Position (Society of Gentlemen #3),ГӮВЈ14.75
11/22/63,ГӮВЈ48.48
"10% Happier: How I Tamed the Voice in My Head, Reduced Stress Without Losing My Edge, and Found Self-Help That Actually Works",ГӮВЈ24.57
10-Day Green Smoothie Cleanse: Lose Up to 15 Pounds in 10 Days!,ГӮВЈ49.71
Without Shame,ГӮВЈ48.27
Watchmen,ГӮВЈ58.05
Unlimited Intuition Now,ГӮВЈ58.87
Underlying Notes,ГӮВЈ11.82
The Shack,ГӮВЈ28.03
The New Brand You: Your New Image Makes the Sale for You,ГӮВЈ44.05
"The Moosewood Cookbook: Recipes from Moosewood Restaurant, Ithaca, New York",ГӮВЈ12.34
The Flowers Lied,ГӮВЈ16.68
"The Fabric of the Cosmos: Space, Time, and the Texture of Reality",ГӮВЈ55.91
The Book of Mormon,ГӮВЈ24.57
The Art and Science of Low Carbohydrate Living,ГӮВЈ52.98
The Alien Club,ГӮВЈ54.40
Suzie Snowflake: One beautiful flake (a self-esteem story),ГӮВЈ54.81
Nap-a-Roo,ГӮВЈ25.08
"NaNo What Now? Finding your editing process, revising your NaNoWriMo book and building a writing career through publishing and beyond",ГӮВЈ10.41
Modern Day Fables,ГӮВЈ47.44
If I Gave You God's Phone Number....: Searching for Spirituality in America,ГӮВЈ20.91
"Fruits Basket, Vol. 9 (Fruits Basket #9)",ГӮВЈ33.95
Dress Your Family in Corduroy and Denim,ГӮВЈ43.68
Don't Forget Steven,ГӮВЈ33.23
Chernobyl 01:23:40: The Incredible True Story of the World's Worst Nuclear Disaster,ГӮВЈ35.92
Art and Fear: Observations on the Perils (and Rewards) of Artmaking,ГӮВЈ48.63
A Shard of Ice (The Black Symphony Saga #1),ГӮВЈ56.63
A Hero's Curse (The Unseen Chronicles #1),ГӮВЈ50.49
23 Degrees South: A Tropical Tale of Changing Whether...,ГӮВЈ35.79
"Zero to One: Notes on Startups, or How to Build the Future",ГӮВЈ34.06
Why Not Me?,ГӮВЈ17.76
When Breath Becomes Air,ГӮВЈ39.36
Vagabonding: An Uncommon Guide to the Art of Long-Term World Travel,ГӮВЈ36.94
The Unlikely Pilgrimage of Harold Fry (Harold Fry #1),ГӮВЈ43.62
The New Drawing on the Right Side of the Brain,ГӮВЈ43.02
"The Midnight Assassin: Panic, Scandal, and the Hunt for America's First Serial Killer",ГӮВЈ28.45
The Martian (The Martian #1),ГӮВЈ41.39
The High Mountains of Portugal,ГӮВЈ51.15
The Grownup,ГӮВЈ35.88
The E-Myth Revisited: Why Most Small Businesses Don't Work and What to Do About It,ГӮВЈ36.91
South of Sunshine,ГӮВЈ28.93
Smarter Faster Better: The Secrets of Being Productive in Life and Business,ГӮВЈ38.89
Silence in the Dark (Logan Point #4),ГӮВЈ58.33
Shadows of the Past (Logan Point #1),ГӮВЈ39.67
Roller Girl,ГӮВЈ14.10
Rising Strong,ГӮВЈ21.82
Proofs of God: Classical Arguments from Tertullian to Barth,ГӮВЈ54.21
Please Kill Me: The Uncensored Oral History of Punk,ГӮВЈ31.19
Out of Print: City Lights Spotlight No. 14,ГӮВЈ53.64
My Life Next Door (My Life Next Door ),ГӮВЈ36.39
Miller's Valley,ГӮВЈ58.54
Man's Search for Meaning,ГӮВЈ29.48
"Love That Boy: What Two Presidents, Eight Road Trips, and My Son Taught Me About a Parent's Expectations",ГӮВЈ25.06
Living Forward: A Proven Plan to Stop Drifting and Get the Life You Want,ГӮВЈ12.55
Les Fleurs du Mal,ГӮВЈ29.04
Left Behind (Left Behind #1),ГӮВЈ40.72
Kill 'Em and Leave: Searching for James Brown and the American Soul,ГӮВЈ45.05
Kierkegaard: A Christian Missionary to Christians,ГӮВЈ47.13
John Vassos: Industrial Design for Modern Life,ГӮВЈ20.22
I'll Give You the Sun,ГӮВЈ56.48
I Will Find You,ГӮВЈ44.21
Hystopia: A Novel,ГӮВЈ21.96
Howl and Other Poems,ГӮВЈ40.45
History of Beauty,ГӮВЈ10.29
Heaven is for Real: A Little Boy's Astounding Story of His Trip to Heaven and Back,ГӮВЈ52.86
Future Shock (Future Shock #1),ГӮВЈ55.65
Ender's Game (The Ender Quintet #1),ГӮВЈ43.64
Diary of a Citizen Scientist: Chasing Tiger Beetles and Other New Ways of Engaging the World,ГӮВЈ28.41
Death by Leisure: A Cautionary Tale,ГӮВЈ37.51
Brilliant Beacons: A History of the American Lighthouse,ГӮВЈ11.45
Brazen: The Courage to Find the You That's Been Hiding,ГӮВЈ19.22
Between the World and Me,ГӮВЈ56.91
Being Mortal: Medicine and What Matters in the End,ГӮВЈ55.06
"A Murder Over a Girl: Justice, Gender, Junior High",ГӮВЈ13.20
32 Yolks,ГӮВЈ53.63
"""Most Blessed of the Patriarchs"": Thomas Jefferson and the Empire of the Imagination",ГӮВЈ44.48
You Are a Badass: How to Stop Doubting Your Greatness and Start Living an Awesome Life,ГӮВЈ12.08
Wildlife of New York: A Five-Borough Coloring Book,ГӮВЈ22.14
What Happened on Beale Street (Secrets of the South Mysteries #2),ГӮВЈ25.37
Unreasonable Hope: Finding Faith in the God Who Brings Purpose to Your Pain,ГӮВЈ46.33
Under the Tuscan Sun,ГӮВЈ37.33
Toddlers Are A**holes: It's Not Your Fault,ГӮВЈ25.55
The Year of Living Biblically: One Man's Humble Quest to Follow the Bible as Literally as Possible,ГӮВЈ34.72
The Whale,ГӮВЈ35.96
The Story of Art,ГӮВЈ41.14
The Origin of Species,ГӮВЈ10.01
The Great Gatsby,ГӮВЈ36.05
The Good Girl,ГӮВЈ49.03
The Glass Castle,ГӮВЈ16.24
The Faith of Christopher Hitchens: The Restless Soul of the World's Most Notorious Atheist,ГӮВЈ39.55
The Drowning Girls,ГӮВЈ35.67
The Constant Princess (The Tudor Court #1),ГӮВЈ16.62
The Bourne Identity (Jason Bourne #1),ГӮВЈ42.78
The Bachelor Girl's Guide to Murder (Herringford and Watts Mysteries #1),ГӮВЈ52.30
The Art Book,ГӮВЈ32.34
The 7 Habits of Highly Effective People: Powerful Lessons in Personal Change,ГӮВЈ33.17
Team of Rivals: The Political Genius of Abraham Lincoln,ГӮВЈ20.12
Steal Like an Artist: 10 Things Nobody Told You About Being Creative,ГӮВЈ20.90
"Sit, Stay, Love",ГӮВЈ20.90
Sister Dear,ГӮВЈ40.20
"Shrunken Treasures: Literary Classics, Short, Sweet, and Silly",ГӮВЈ52.87
"Rich Dad, Poor Dad",ГӮВЈ51.74
Raymie Nightingale,ГӮВЈ34.41
Playing from the Heart,ГӮВЈ32.38
Nightstruck: A Novel,ГӮВЈ50.35
"Naturally Lean: 125 Nourishing Gluten-Free, Plant-Based Recipes--All Under 300 Calories",ГӮВЈ11.38
Meternity,ГӮВЈ43.58
Memoirs of a Geisha,ГӮВЈ49.67
Like Never Before (Walker Family #2),ГӮВЈ28.77
Life of Pi,ГӮВЈ13.22
Leave This Song Behind: Teen Poetry at Its Best,ГӮВЈ51.17
King's Folly (The Kinsman Chronicles #1),ГӮВЈ39.61
John Adams,ГӮВЈ57.43
How to Cook Everything Vegetarian: Simple Meatless Recipes for Great Food (How to Cook Everything),ГӮВЈ46.01
How to Be a Domestic Goddess: Baking and the Art of Comfort Cooking,ГӮВЈ28.25
Good in Bed (Cannie Shapiro #1),ГӮВЈ37.05
"Fruits Basket, Vol. 7 (Fruits Basket #7)",ГӮВЈ19.57
For the Love: Fighting for Grace in a World of Impossible Standards,ГӮВЈ45.13
Finding God in the Ruins: How God Redeems Pain,ГӮВЈ46.64
Every Heart a Doorway (Every Heart A Doorway #1),ГӮВЈ12.16
Delivering the Truth (Quaker Midwife Mystery #1),ГӮВЈ20.89
Counted With the Stars (Out from Egypt #1),ГӮВЈ17.97
"Chronicles, Vol. 1",ГӮВЈ52.60
Blue Like Jazz: Nonreligious Thoughts on Christian Spirituality,ГӮВЈ25.77
Benjamin Franklin: An American Life,ГӮВЈ48.19
"At The Existentialist CafГғВ©: Freedom, Being, and apricot cocktails with: Jean-Paul Sartre, Simone de Beauvoir, Albert Camus, Martin Heidegger, Edmund Husserl, Karl Jaspers, Maurice Merleau-Ponty and others",ГӮВЈ29.93
A Summer In Europe,ГӮВЈ44.34
A Short History of Nearly Everything,ГӮВЈ52.40
A Gathering of Shadows (Shades of Magic #2),ГӮВЈ44.81
The Sound Of Love,ГӮВЈ57.84
The Rise and Fall of the Third Reich: A History of Nazi Germany,ГӮВЈ39.67
The Perks of Being a Wallflower,ГӮВЈ55.02
The Mysterious Affair at Styles (Hercule Poirot #1),ГӮВЈ24.80
The Man Who Mistook His Wife for a Hat and Other Clinical Tales,ГӮВЈ59.45
The Makings of a Fatherless Child,ГӮВЈ31.58
The Joy of Cooking,ГӮВЈ43.27
The Invention of Wings,ГӮВЈ37.34
The Hobbit (Middle-Earth Universe),ГӮВЈ17.80
The Great Railway Bazaar,ГӮВЈ30.54
The Golden Compass (His Dark Materials #1),ГӮВЈ18.77
The God Delusion,ГӮВЈ46.85
The Girl You Left Behind (The Girl You Left Behind #1),ГӮВЈ15.79
The Fellowship of the Ring (The Lord of the Rings #1),ГӮВЈ10.27
The Collected Poems of W.B. Yeats (The Collected Works of W.B. Yeats #1),ГӮВЈ15.42
The Barefoot Contessa Cookbook,ГӮВЈ59.92
Tell the Wolves I'm Home,ГӮВЈ50.96
Ship Leaves Harbor: Essays on Travel by a Recovering Journeyman,ГӮВЈ30.60
Pride and Prejudice,ГӮВЈ19.27
Musicophilia: Tales of Music and the Brain,ГӮВЈ46.58
Mere Christianity,ГӮВЈ48.51
Me Before You (Me Before You #1),ГӮВЈ19.02
In the Woods (Dublin Murder Squad #1),ГӮВЈ38.38
In Cold Blood,ГӮВЈ49.98
How to Stop Worrying and Start Living,ГӮВЈ46.49
Give It Back,ГӮВЈ18.32
"Girl, Interrupted",ГӮВЈ42.14
Fun Home: A Family Tragicomic,ГӮВЈ56.59
"Fruits Basket, Vol. 6 (Fruits Basket #6)",ГӮВЈ20.96
Deception Point,ГӮВЈ40.32
"Death Note, Vol. 6: Give-and-Take (Death Note #6)",ГӮВЈ36.39
Catherine the Great: Portrait of a Woman,ГӮВЈ58.55
Better Homes and Gardens New Cook Book,ГӮВЈ39.61
An Unquiet Mind: A Memoir of Moods and Madness,ГӮВЈ21.30
A Year in Provence (Provence #1),ГӮВЈ56.88
World Without End (The Pillars of the Earth #2),ГӮВЈ32.97
"Will Grayson, Will Grayson (Will Grayson, Will Grayson)",ГӮВЈ47.31
Why Save the Bankers?: And Other Essays on Our Economic and Political Crisis,ГӮВЈ48.67
Where She Went (If I Stay #2),ГӮВЈ41.73
What If?: Serious Scientific Answers to Absurd Hypothetical Questions,ГӮВЈ53.68
Two Summers,ГӮВЈ14.64
This Is Your Brain on Music: The Science of a Human Obsession,ГӮВЈ38.40
The Secret Garden,ГӮВЈ15.08
The Raven King (The Raven Cycle #4),ГӮВЈ30.57
The Raven Boys (The Raven Cycle #1),ГӮВЈ57.74
The Power Greens Cookbook: 140 Delicious Superfood Recipes,ГӮВЈ11.05
The Metamorphosis,ГӮВЈ28.58
The Mathews Men: Seven Brothers and the War Against Hitler's U-boats,ГӮВЈ42.91
The Little Paris Bookshop,ГӮВЈ24.73
The Hiding Place,ГӮВЈ55.91
The Grand Design,ГӮВЈ13.76
The Firm,ГӮВЈ45.56
The Fault in Our Stars,ГӮВЈ47.22
The False Prince (The Ascendance Trilogy #1),ГӮВЈ56.00
The Expatriates,ГӮВЈ44.58
The Dream Thieves (The Raven Cycle #2),ГӮВЈ34.50
The Darkest Corners,ГӮВЈ11.33
The Crossover,ГӮВЈ38.77
The 5th Wave (The 5th Wave #1),ГӮВЈ11.83
Tell the Wind and Fire,ГӮВЈ45.51
Tell Me Three Things,ГӮВЈ41.81
Talking to Girls About Duran Duran: One Young Man's Quest for True Love and a Cooler Haircut,ГӮВЈ25.15
Siddhartha,ГӮВЈ34.22
Shiver (The Wolves of Mercy Falls #1),ГӮВЈ16.23
Remember Me?,ГӮВЈ11.48
Red Dragon (Hannibal Lecter #1),ГӮВЈ23.37
Peak: Secrets from the New Science of Expertise,ГӮВЈ16.28
My Mother Was Nuts,ГӮВЈ31.63
Mexican Today: New and Rediscovered Recipes for Contemporary Kitchens,ГӮВЈ24.91
Maybe Something Beautiful: How Art Transformed a Neighborhood,ГӮВЈ22.54
Lola and the Boy Next Door (Anna and the French Kiss #2),ГӮВЈ23.63
Logan Kade (Fallen Crest High #5.5),ГӮВЈ13.12
Last One Home (New Beginnings #1),ГӮВЈ59.98
Killing Floor (Jack Reacher #1),ГӮВЈ31.49
Kill the Boy Band,ГӮВЈ15.52
Isla and the Happily Ever After (Anna and the French Kiss #3),ГӮВЈ48.13
If I Stay (If I Stay #1),ГӮВЈ38.13
I Know Why the Caged Bird Sings (Maya Angelou's Autobiography #1),ГӮВЈ36.55
Harry Potter and the Deathly Hallows (Harry Potter #7),ГӮВЈ23.32
"Fruits Basket, Vol. 5 (Fruits Basket #5)",ГӮВЈ16.33
Foundation (Foundation (Publication Order) #1),ГӮВЈ32.42
Fool Me Once,ГӮВЈ16.96
Find Her (Detective D.D. Warren #8),ГӮВЈ22.37
Evicted: Poverty and Profit in the American City,ГӮВЈ42.27
Drama,ГӮВЈ38.70
Dracula the Un-Dead,ГӮВЈ35.63
Digital Fortress,ГӮВЈ58.00
"Death Note, Vol. 5: Whiteout (Death Note #5)",ГӮВЈ52.41
"Data, A Love Story: How I Gamed Online Dating to Meet My Match",ГӮВЈ32.35
Critique of Pure Reason,ГӮВЈ20.75
Booked,ГӮВЈ17.49
"Blue Lily, Lily Blue (The Raven Cycle #3)",ГӮВЈ34.13
Approval Junkie: Adventures in Caring Too Much,ГӮВЈ58.81
An Abundance of Katherines,ГӮВЈ10.00
America's War for the Greater Middle East: A Military History,ГӮВЈ51.22
Alight (The Generations Trilogy #2),ГӮВЈ58.59
A Girl's Guide to Moving On (New Beginnings #2),ГӮВЈ31.30
A Game of Thrones (A Song of Ice and Fire #1),ГӮВЈ46.42
A Feast for Crows (A Song of Ice and Fire #4),ГӮВЈ17.21
A Clash of Kings (A Song of Ice and Fire #2),ГӮВЈ10.79
Vogue Colors A to Z: A Fashion Coloring Book,ГӮВЈ52.35
The Shining (The Shining #1),ГӮВЈ27.88
The Pilgrim's Progress,ГӮВЈ50.26
The Perfect Play (Play by Play #1),ГӮВЈ59.99
The Passion of Dolssa,ГӮВЈ28.32
The Jazz of Physics: The Secret Link Between Music and the Structure of the Universe,ГӮВЈ38.71
The Hunger Games (The Hunger Games #1),ГӮВЈ29.85
The Hound of the Baskervilles (Sherlock Holmes #5),ГӮВЈ14.82
The Gunning of America: Business and the Making of American Gun Culture,ГӮВЈ16.81
The Geography of Bliss: One Grump's Search for the Happiest Places in the World,ГӮВЈ28.23
The Demonists (Demonist #1),ГӮВЈ52.11
"The Demon Prince of Momochi House, Vol. 4 (The Demon Prince of Momochi House #4)",ГӮВЈ27.88
The Bone Hunters (Lexy Vaughan & Steven Macaulay #2),ГӮВЈ59.71
The Beast (Black Dagger Brotherhood #14),ГӮВЈ46.08
Some Women,ГӮВЈ13.73
Shopaholic Ties the Knot (Shopaholic #3),ГӮВЈ48.39
Paper and Fire (The Great Library #2),ГӮВЈ49.45
Outlander (Outlander #1),ГӮВЈ19.67
"Orchestra of Exiles: The Story of Bronislaw Huberman, the Israel Philharmonic, and the One Thousand Jews He Saved from Nazi Horrors",ГӮВЈ12.36
No One Here Gets Out Alive,ГӮВЈ20.02
Night Shift (Night Shift #1-20),ГӮВЈ12.75
Needful Things,ГӮВЈ47.51
Mockingjay (The Hunger Games #3),ГӮВЈ20.44
Misery,ГӮВЈ34.79
Little Women (Little Women #1),ГӮВЈ28.07
It,ГӮВЈ25.01
Harry Potter and the Sorcerer's Stone (Harry Potter #1),ГӮВЈ13.90
Harry Potter and the Prisoner of Azkaban (Harry Potter #3),ГӮВЈ24.17
Harry Potter and the Order of the Phoenix (Harry Potter #5),ГӮВЈ31.63
Harry Potter and the Half-Blood Prince (Harry Potter #6),ГӮВЈ48.75
Harry Potter and the Chamber of Secrets (Harry Potter #2),ГӮВЈ14.74
Gone with the Wind,ГӮВЈ32.49
God Is Not Great: How Religion Poisons Everything,ГӮВЈ27.80
Girl With a Pearl Earring,ГӮВЈ26.77
"Fruits Basket, Vol. 4 (Fruits Basket #4)",ГӮВЈ50.44
Far From True (Promise Falls Trilogy #2),ГӮВЈ34.93
Dark Lover (Black Dagger Brotherhood #1),ГӮВЈ12.87
Confessions of a Shopaholic (Shopaholic #1),ГӮВЈ48.94
Changing the Game (Play by Play #2),ГӮВЈ13.38
Candide,ГӮВЈ58.63
Can You Keep a Secret?,ГӮВЈ21.94
Atlas Shrugged,ГӮВЈ26.58
Animal Farm,ГӮВЈ57.22
A Walk to Remember,ГӮВЈ56.43
A New Earth: Awakening to Your Life's Purpose,ГӮВЈ55.65
"A History of God: The 4,000-Year Quest of Judaism, Christianity, and Islam",ГӮВЈ27.62
'Salem's Lot,ГӮВЈ49.56
Zero History (Blue Ant #3),ГӮВЈ34.77
Wuthering Heights,ГӮВЈ17.73
World War Z: An Oral History of the Zombie War,ГӮВЈ21.80
Wild: From Lost to Found on the Pacific Crest Trail,ГӮВЈ46.02
"Where'd You Go, Bernadette",ГӮВЈ18.13
When You Are Engulfed in Flames,ГӮВЈ30.89
We the People: The Modern-Day Figures Who Have Reshaped and Affirmed the Founding Fathers' Vision of America,ГӮВЈ31.95
We Are All Completely Beside Ourselves,ГӮВЈ24.04
Walk the Edge (Thunder Road #2),ГӮВЈ32.36
Voyager (Outlander #3),ГӮВЈ21.07
Very Good Lives: The Fringe Benefits of Failure and the Importance of Imagination,ГӮВЈ50.66
Vegan Vegetarian Omnivore: Dinner for Everyone at the Table,ГӮВЈ13.66
"Unstuffed: Decluttering Your Home, Mind, and Soul",ГӮВЈ58.09
Under the Banner of Heaven: A Story of Violent Faith,ГӮВЈ30.00
Two Boys Kissing,ГӮВЈ32.74
Twilight (Twilight #1),ГӮВЈ41.93
Twenties Girl,ГӮВЈ42.80
"Trespassing Across America: One Man's Epic, Never-Done-Before (and Sort of Illegal) Hike Across the Heartland",ГӮВЈ53.51
Three-Martini Lunch,ГӮВЈ23.21
"Thinking, Fast and Slow",ГӮВЈ21.14
The Wild Robot,ГӮВЈ56.07
"The Wicked + The Divine, Vol. 3: Commercial Suicide (The Wicked + The Divine)",ГӮВЈ14.41
The Undomestic Goddess,ГӮВЈ45.75
The Travelers,ГӮВЈ15.77
The Tipping Point: How Little Things Can Make a Big Difference,ГӮВЈ10.02
The Thing About Jellyfish,ГӮВЈ48.77
The Stand,ГӮВЈ57.86
The Smitten Kitchen Cookbook,ГӮВЈ23.59
The Silkworm (Cormoran Strike #2),ГӮВЈ23.05
"The Sandman, Vol. 3: Dream Country (The Sandman (volumes) #3)",ГӮВЈ55.55
The Rose & the Dagger (The Wrath and the Dawn #2),ГӮВЈ58.64
The Road to Little Dribbling: Adventures of an American in Britain (Notes From a Small Island #2),ГӮВЈ23.21
The Rise of Theodore Roosevelt (Theodore Roosevelt #1),ГӮВЈ42.57
The Restaurant at the End of the Universe (Hitchhiker's Guide to the Galaxy #2),ГӮВЈ10.92
The Rest Is Noise: Listening to the Twentieth Century,ГӮВЈ34.77
The Red Tent,ГӮВЈ35.66
The Purpose Driven Life: What on Earth Am I Here for?,ГӮВЈ37.19
The Purest Hook (Second Circle Tattoos #3),ГӮВЈ12.25
The Picture of Dorian Gray,ГӮВЈ29.70
The Paris Wife,ГӮВЈ36.80
The Obsession,ГӮВЈ45.43
The Nightingale,ГӮВЈ26.26
The New Guy (and Other Senior Year Distractions),ГӮВЈ44.92
The Nanny Diaries (Nanny #1),ГӮВЈ52.53
The Name of God is Mercy,ГӮВЈ37.25
The Maze Runner (The Maze Runner #1),ГӮВЈ20.93
The Lover's Dictionary,ГӮВЈ58.09
The Lonely Ones,ГӮВЈ43.59
The Lean Startup: How Today's Entrepreneurs Use Continuous Innovation to Create Radically Successful Businesses,ГӮВЈ33.92
The Last Painting of Sara de Vos,ГӮВЈ55.55
"The Land of 10,000 Madonnas",ГӮВЈ29.64
The Infinities,ГӮВЈ27.41
The Husband's Secret,ГӮВЈ52.51
The Hitchhiker's Guide to the Galaxy (Hitchhiker's Guide to the Galaxy #1),ГӮВЈ47.80
The Guns of August,ГӮВЈ14.54
The Guernsey Literary and Potato Peel Pie Society,ГӮВЈ49.53
The Goldfinch,ГӮВЈ43.58
The Giver (The Giver Quartet #1),ГӮВЈ12.30
The Girl with All the Gifts,ГӮВЈ49.47
The Girl Who Played with Fire (Millennium Trilogy #2),ГӮВЈ22.14
The Girl Who Kicked the Hornet's Nest (Millennium Trilogy #3),ГӮВЈ57.48
The Exiled,ГӮВЈ43.45
"The End of Faith: Religion, Terror, and the Future of Reason",ГӮВЈ22.13
"The Elegant Universe: Superstrings, Hidden Dimensions, and the Quest for the Ultimate Theory",ГӮВЈ13.03
"The Disappearing Spoon: And Other True Tales of Madness, Love, and the History of the World from the Periodic Table of the Elements",ГӮВЈ57.35
The Devil Wears Prada (The Devil Wears Prada #1),ГӮВЈ44.29
The Demon-Haunted World: Science as a Candle in the Dark,ГӮВЈ52.25
The Day the Crayons Came Home (Crayons),ГӮВЈ26.33
The Da Vinci Code (Robert Langdon #2),ГӮВЈ22.96
The Cuckoo's Calling (Cormoran Strike #1),ГӮВЈ19.21
The Complete Stories and Poems (The Works of Edgar Allan Poe [Cameo Edition]),ГӮВЈ26.78
The Complete Poems,ГӮВЈ41.32
The Catcher in the Rye,ГӮВЈ24.55
The Cat in the Hat (Beginner Books B-1),ГӮВЈ16.26
The Case for Christ (Cases for Christianity),ГӮВЈ47.84
The Book Thief,ГӮВЈ53.49
The Book of Basketball: The NBA According to The Sports Guy,ГӮВЈ44.84
The Blind Side: Evolution of a Game,ГӮВЈ53.71
The Autobiography of Malcolm X,ГӮВЈ23.43
"The Art of Simple Food: Notes, Lessons, and Recipes from a Delicious Revolution",ГӮВЈ34.32
The Art of Fielding,ГӮВЈ22.10
"Surely You're Joking, Mr. Feynman!: Adventures of a Curious Character",ГӮВЈ25.83
Stiff: The Curious Lives of Human Cadavers,ГӮВЈ36.74
Spilled Milk: Based on a True Story,ГӮВЈ49.51
Something Borrowed (Darcy & Rachel #1),ГӮВЈ48.96
Something Blue (Darcy & Rachel #2),ГӮВЈ54.62
Soldier (Talon #3),ГӮВЈ24.72
Shopaholic & Baby (Shopaholic #5),ГӮВЈ46.45
Seven Days in the Art World,ГӮВЈ52.33
Seven Brief Lessons on Physics,ГӮВЈ30.60
Scarlet (The Lunar Chronicles #2),ГӮВЈ14.57
Sarah's Key,ГӮВЈ46.29
"Saga, Volume 3 (Saga (Collected Editions) #3)",ГӮВЈ21.57
Running with Scissors,ГӮВЈ12.91
Rogue Lawyer (Rogue Lawyer #1),ГӮВЈ50.11
"Rise of the Rocket Girls: The Women Who Propelled Us, from Missiles to the Moon to Mars",ГӮВЈ41.67
Rework,ГӮВЈ44.88
Reservations for Two,ГӮВЈ11.10
Red: The True Story of Red Riding Hood,ГӮВЈ28.54
Ready Player One,ГӮВЈ19.07
Quiet: The Power of Introverts in a World That Can't Stop Talking,ГӮВЈ43.55
Prodigy: The Graphic Novel (Legend: The Graphic Novel #2),ГӮВЈ43.63
Persepolis: The Story of a Childhood (Persepolis #1-2),ГӮВЈ39.13
Packing for Mars: The Curious Science of Life in the Void,ГӮВЈ56.68
Outliers: The Story of Success,ГӮВЈ14.16
Original Fake,ГӮВЈ31.45
Orange Is the New Black,ГӮВЈ24.61
One for the Money (Stephanie Plum #1),ГӮВЈ32.87
Notes from a Small Island (Notes From a Small Island #1),ГӮВЈ40.17
Night (The Night Trilogy #1),ГӮВЈ13.51
Neither Here nor There: Travels in Europe,ГӮВЈ38.95
Naked,ГӮВЈ31.69
Morning Star (Red Rising #3),ГӮВЈ29.40
"Miracles from Heaven: A Little Girl, Her Journey to Heaven, and Her Amazing Story of Healing",ГӮВЈ57.83
Midnight Riot (Peter Grant/ Rivers of London - books #1),ГӮВЈ55.46
Me Talk Pretty One Day,ГӮВЈ57.60
Manuscript Found in Accra,ГӮВЈ34.98
Lust & Wonder,ГӮВЈ11.87
Lila (Gilead #3),ГӮВЈ12.47
"Life, the Universe and Everything (Hitchhiker's Guide to the Galaxy #3)",ГӮВЈ33.26
Life Without a Recipe,ГӮВЈ59.04
Life After Life,ГӮВЈ26.13
Letter to a Christian Nation,ГӮВЈ22.20
Let's Pretend This Never Happened: A Mostly True Memoir,ГӮВЈ45.11
Legend (Legend #1),ГӮВЈ43.69
"Lean In: Women, Work, and the Will to Lead",ГӮВЈ25.02
"Lamb: The Gospel According to Biff, Christ's Childhood Pal",ГӮВЈ55.50
Lady Renegades (Rebel Belle #3),ГӮВЈ53.04
Jurassic Park (Jurassic Park #1),ГӮВЈ44.97
It's Never Too Late to Begin Again: Discovering Creativity and Meaning at Midlife and Beyond,ГӮВЈ42.38
Is Everyone Hanging Out Without Me? (And Other Concerns),ГӮВЈ20.11
Into the Wild,ГӮВЈ56.70
Inferno (Robert Langdon #4),ГӮВЈ41.00
"In the Garden of Beasts: Love, Terror, and an American Family in Hitler's Berlin",ГӮВЈ28.85
If I Run (If I Run #1),ГӮВЈ49.97
I've Got Your Number,ГӮВЈ19.69
I Am Malala: The Girl Who Stood Up for Education and Was Shot by the Taliban,ГӮВЈ28.88
Hungry Girl Clean & Hungry: Easy All-Natural Recipes for Healthy Eating in the Real World,ГӮВЈ33.14
"House of Lost Worlds: Dinosaurs, Dynasties, and the Story of Life on Earth",ГӮВЈ43.70
House of Leaves,ГӮВЈ54.89
Horrible Bear!,ГӮВЈ37.52
Holidays on Ice,ГӮВЈ51.07
Heir to the Sky,ГӮВЈ44.07
Green Eggs and Ham (Beginner Books B-16),ГӮВЈ10.79
"Grayson, Vol 3: Nemesis (Grayson #3)",ГӮВЈ42.72
Gratitude,ГӮВЈ26.66
Gone Girl,ГӮВЈ37.60
Golden (Heart of Dread #3),ГӮВЈ42.21
Girl in the Blue Coat,ГӮВЈ46.83
"Fruits Basket, Vol. 3 (Fruits Basket #3)",ГӮВЈ45.17
"Friday Night Lights: A Town, a Team, and a Dream",ГӮВЈ51.22
Fire Bound (Sea Haven/Sisters of the Heart #5),ГӮВЈ21.28
Fifty Shades Freed (Fifty Shades #3),ГӮВЈ15.36
Fellside,ГӮВЈ38.62
Extreme Prey (Lucas Davenport #26),ГӮВЈ25.40
Eragon (The Inheritance Cycle #1),ГӮВЈ43.87
Eclipse (Twilight #3),ГӮВЈ18.74
Dune (Dune #1),ГӮВЈ54.86
Dracula,ГӮВЈ52.62
Do Androids Dream of Electric Sheep? (Blade Runner #1),ГӮВЈ51.48
Disrupted: My Misadventure in the Start-Up Bubble,ГӮВЈ15.28
Dead Wake: The Last Crossing of the Lusitania,ГӮВЈ39.24
"David and Goliath: Underdogs, Misfits, and the Art of Battling Giants",ГӮВЈ17.81
Darkfever (Fever #1),ГӮВЈ56.02
Dark Places,ГӮВЈ23.90
Crazy Rich Asians (Crazy Rich Asians #1),ГӮВЈ49.13
Counting Thyme,ГӮВЈ10.62
Cosmos,ГӮВЈ36.17
Civilization and Its Discontents,ГӮВЈ59.95
Cinder (The Lunar Chronicles #1),ГӮВЈ26.09
Catastrophic Happiness: Finding Joy in Childhood's Messy Years,ГӮВЈ37.35
Career of Evil (Cormoran Strike #3),ГӮВЈ24.72
Breaking Dawn (Twilight #4),ГӮВЈ35.28
Brave Enough,ГӮВЈ51.32
Boy Meets Boy,ГӮВЈ21.12
"Born to Run: A Hidden Tribe, Superathletes, and the Greatest Race the World Has Never Seen",ГӮВЈ27.35
Blink: The Power of Thinking Without Thinking,ГӮВЈ21.74
Black Flags: The Rise of ISIS,ГӮВЈ40.87
"Black Butler, Vol. 1 (Black Butler #1)",ГӮВЈ49.31
Big Little Lies,ГӮВЈ22.11
Between Shades of Gray,ГӮВЈ20.79
Best of My Love (Fool's Gold #20),ГӮВЈ27.41
Beowulf,ГӮВЈ38.35
Beautiful Creatures (Caster Chronicles #1),ГӮВЈ21.55
Awkward,ГӮВЈ38.02
Ash,ГӮВЈ22.06
Are We There Yet?,ГӮВЈ10.66
Are We Smart Enough to Know How Smart Animals Are?,ГӮВЈ56.58
Annie on My Mind,ГӮВЈ36.83
And Then There Were None,ГӮВЈ35.01
A Walk in the Woods: Rediscovering America on the Appalachian Trail,ГӮВЈ30.48
A Visit from the Goon Squad,ГӮВЈ14.08
A Storm of Swords (A Song of Ice and Fire #3),ГӮВЈ31.22
A Heartbreaking Work of Staggering Genius,ГӮВЈ54.29
8 Keys to Mental Health Through Exercise,ГӮВЈ31.04
#GIRLBOSS,ГӮВЈ50.96
"The Suffragettes (Little Black Classics, #96)",ГӮВЈ11.89
The Sense of an Ending,ГӮВЈ31.38
"The Sandman, Vol. 2: The Doll's House (The Sandman (volumes) #2)",ГӮВЈ54.81
The Course of Love,ГӮВЈ16.78
Sugar Rush (Offensive Line #2),ГӮВЈ24.42
"Saga, Volume 2 (Saga (Collected Editions) #2)",ГӮВЈ11.75
"Run, Spot, Run: The Ethics of Keeping Pets",ГӮВЈ20.02
New Moon (Twilight #2),ГӮВЈ12.86
Life,ГӮВЈ31.58
Kindle Paperwhite User's Guide,ГӮВЈ34.00
H is for Hawk,ГӮВЈ57.42
Girl Online On Tour (Girl Online #2),ГӮВЈ53.47
"Fruits Basket, Vol. 2 (Fruits Basket #2)",ГӮВЈ11.64
Diary of a Minecraft Zombie Book 1: A Scare of a Dare (An Unofficial Minecraft Book),ГӮВЈ52.88
"Y: The Last Man, Vol. 1: Unmanned (Y: The Last Man #1)",ГӮВЈ18.51
While You Were Mine,ГӮВЈ41.32
Where Lightning Strikes (Bleeding Stars #3),ГӮВЈ39.77
When I'm Gone,ГӮВЈ51.96
Ways of Seeing,ГӮВЈ39.51
"Vampire Knight, Vol. 1 (Vampire Knight #1)",ГӮВЈ15.40
Vampire Girl (Vampire Girl #1),ГӮВЈ53.82
Twenty Love Poems and a Song of Despair,ГӮВЈ30.95
Travels with Charley: In Search of America,ГӮВЈ57.82
Three Wishes (River of Time: California #1),ГӮВЈ44.18
This One Moment (Pushing Limits #1),ГӮВЈ48.71
The Zombie Room,ГӮВЈ19.69
"The Wicked + The Divine, Vol. 1: The Faust Act (The Wicked + The Divine)",ГӮВЈ36.52
The Tumor,ГӮВЈ41.56
The Story of Hong Gildong,ГӮВЈ43.19
The Silent Wife,ГӮВЈ12.34
The Silent Twin (Detective Jennifer Knight #3),ГӮВЈ36.25
The Selfish Gene,ГӮВЈ29.45
The Secret Healer,ГӮВЈ34.56
"The Sandman, Vol. 1: Preludes and Nocturnes (The Sandman (volumes) #1)",ГӮВЈ54.12
The Republic,ГӮВЈ33.78
The Odyssey,ГӮВЈ29.64
The No. 1 Ladies' Detective Agency (No. 1 Ladies' Detective Agency #1),ГӮВЈ57.70
The Nicomachean Ethics,ГӮВЈ36.34
The Name of the Wind (The Kingkiller Chronicle #1),ГӮВЈ50.59
The Mirror & the Maze (The Wrath and the Dawn #1.5),ГӮВЈ29.38
The Little Prince,ГӮВЈ45.42
The Light of the Fireflies,ГӮВЈ54.43
The Last Girl (The Dominion Trilogy #1),ГӮВЈ36.26
The Iliad,ГӮВЈ16.16
The Hook Up (Game On #1),ГӮВЈ36.29
The Haters,ГӮВЈ27.89
The Girl You Lost,ГӮВЈ12.29
The Girl In The Ice (DCI Erika Foster #1),ГӮВЈ15.85
The End of the Jesus Era (An Investigation #1),ГӮВЈ14.40
The Edge of Reason (Bridget Jones #2),ГӮВЈ19.18
The Complete Maus (Maus #1-2),ГӮВЈ10.64
The Communist Manifesto,ГӮВЈ14.76
The Bhagavad Gita,ГӮВЈ57.49
The Bette Davis Club,ГӮВЈ30.66
The Art of Not Breathing,ГӮВЈ40.83
Taking Shots (Assassins #1),ГӮВЈ18.88
Starlark,ГӮВЈ25.83
"Skip Beat!, Vol. 01 (Skip Beat! #1)",ГӮВЈ42.12
Sister Sable (The Mad Queen #1),ГӮВЈ13.33
Shatter Me (Shatter Me #1),ГӮВЈ42.40
Shameless,ГӮВЈ58.35
Shadow Rites (Jane Yellowrock #10),ГӮВЈ21.72
Settling the Score (The Summer Games #1),ГӮВЈ44.91
Sense and Sensibility,ГӮВЈ37.46
"Saga, Volume 1 (Saga (Collected Editions) #1)",ГӮВЈ28.48
"Rhythm, Chord & Malykhin",ГӮВЈ28.34
"Rat Queens, Vol. 1: Sass & Sorcery (Rat Queens (Collected Editions) #1-5)",ГӮВЈ46.96
Paradise Lost (Paradise #1),ГӮВЈ24.96
"Paper Girls, Vol. 1 (Paper Girls #1-5)",ГӮВЈ21.71
"Ouran High School Host Club, Vol. 1 (Ouran High School Host Club #1)",ГӮВЈ29.87
Origins (Alphas 0.5),ГӮВЈ28.99
One Second (Seven #7),ГӮВЈ52.94
On the Road (Duluoz Legend),ГӮВЈ32.36
Old Records Never Die: One Man's Quest for His Vinyl and His Past,ГӮВЈ55.66
Off Sides (Off #1),ГӮВЈ39.45
Of Mice and Men,ГӮВЈ47.11
Myriad (Prentor #1),ГӮВЈ58.75
My Perfect Mistake (Over the Top #1),ГӮВЈ38.92
"Ms. Marvel, Vol. 1: No Normal (Ms. Marvel (2014-2015) #1)",ГӮВЈ39.39
Meditations,ГӮВЈ25.89
Matilda,ГӮВЈ28.34
Lost Among the Living,ГӮВЈ27.70
Lord of the Flies,ГӮВЈ24.89
Listen to Me (Fusion #1),ГӮВЈ58.99
Kitchens of the Great Midwest,ГӮВЈ57.20
Jane Eyre,ГӮВЈ38.43
Imperfect Harmony,ГӮВЈ34.74
Icing (Aces Hockey #2),ГӮВЈ40.44
"Hawkeye, Vol. 1: My Life as a Weapon (Hawkeye #1)",ГӮВЈ45.24
Having the Barbarian's Baby (Ice Planet Barbarians #7.5),ГӮВЈ34.96
"Giant Days, Vol. 1 (Giant Days #1-4)",ГӮВЈ56.76
"Fruits Basket, Vol. 1 (Fruits Basket #1)",ГӮВЈ40.28
Frankenstein,ГӮВЈ38.00
Forever Rockers (The Rocker #12),ГӮВЈ28.80
Fighting Fate (Fighting #6),ГӮВЈ39.24
Emma,ГӮВЈ32.93
"Eat, Pray, Love",ГӮВЈ51.32
Deep Under (Walker Security #1),ГӮВЈ47.09
Choosing Our Religion: The Spiritual Lives of America's Nones,ГӮВЈ28.42
Charlie and the Chocolate Factory (Charlie Bucket #1),ГӮВЈ22.85
Charity's Cross (Charles Towne Belles #4),ГӮВЈ41.24
Bright Lines,ГӮВЈ39.07
Bridget Jones's Diary (Bridget Jones #1),ГӮВЈ29.82
Bounty (Colorado Mountain #7),ГӮВЈ37.26
Blood Defense (Samantha Brinkman #1),ГӮВЈ20.30
"Bleach, Vol. 1: Strawberry and the Soul Reapers (Bleach #1)",ГӮВЈ34.65
Beyond Good and Evil,ГӮВЈ43.38
Alice in Wonderland (Alice's Adventures in Wonderland #1),ГӮВЈ55.53
"Ajin: Demi-Human, Volume 1 (Ajin: Demi-Human #1)",ГӮВЈ57.06
A Spy's Devotion (The Regency Spies of London #1),ГӮВЈ16.97
1st to Die (Women's Murder Club #1),ГӮВЈ53.98
"1,000 Places to See Before You Die",ГӮВЈ26.08
